department_id,name,description
1,Marketing,"Handles brand strategy, ads, and customer engagement"
2,Sales,"Manages client acquisition and revenue generation"
3,Engineering,"Develops and maintains software products"
4,Human Resources,"Oversees recruitment, payroll, and employee relations"
5,Finance,"Manages budgets, accounting, and financial reporting"